209,Maximus,Turcotte,53,532,2140,"Indépendant (professions libérales, auto-entrepreneur, etc...)",Couple sans enfant,1967,,504 Schuppe Branch,37194-5676,Paris,
210,Alanna,Huels,13,803,2273,"Contrat précaire (étudiant, saisonnier, interim, mi-temps, etc...)",Couple avec enfant,1985,,9826 Pearl Fords,75004-7890,Paris,
211,Samson,Waelchi,21,680,1982,"Indépendant (professions libérales, auto-entrepreneur, etc...)",Couple avec enfant,1954,,4045 Lavern Roads,90707,Paris,
212,Jerrold,Ebert,100,663,2112,CDI,Famille monoparentale,1952,,62809 Ignatius Ville,91550-0829,Paris,
213,Wendy,Ward,99,814,2294,Retraité,Famille monoparentale,1985,,5427 Samson Skyway,70484,Paris,
214,Wayne,Berge,83,697,2326,Retraité,Couple avec enfant,1943,,908 Dooley Common,29719-7313,Paris,
215,Oda,Gutkowski,18,689,1954,"Contrat précaire (étudiant, saisonnier, interim, mi-temps, etc...)",Couple sans enfant,1935,,63333 Vita Parkways,35173-2372,Paris,
216,Palma,Hane,46,743,2963,"Contrat précaire (étudiant, saisonnier, interim, mi-temps, etc...)",Famille monoparentale,1984,,185 Lakin Oval,13076-1836,Paris,
217,Roger,Stanton,99,964,2787,CDI,Couple sans enfant,1970,,139 Bogan Mills,82378-8035,Paris,
218,Anna,Ondricka,93,1486,2793,Retraité,Famille monoparentale,1956,,18743 Murazik Course,83133-1715,Paris,
219,Zoila,Rolfson,13,1289,1970,"Contrat précaire (étudiant, saisonnier, interim, mi-temps, etc...)",Seul,1999,,968 Laura Valley,22307,Paris,
220,Kailey,Robel,52,800,1933,Sans emploi,Seul,1953,,993 Terry Shoals,34106-4128,Paris,
221,Llewellyn,DuBuque,25,737,1950,"Contrat précaire (étudiant, saisonnier, interim, mi-temps, etc...)",Famille monoparentale,1979,,29909 Heaney Burgs,71075-1414,Paris,
222,Kristina,Torp,99,1108,2929,Retraité,Famille monoparentale,2008,,488 Stokes Spring,79455,Paris,
223,Dorris,Hoppe,99,769,2267,Retraité,Seul,1962,,97431 Beatty Fields,83133,Paris,
224,Savion,Bernhard,66,616,2203,Sans emploi,Famille monoparentale,1973,,611 Keeling Overpass,84198-2583,Paris,
225,Kyle,Ritchie,27,1035,2325,"Indépendant (professions libérales, auto-entrepreneur, etc...)",Couple sans enfant,2013,,701 Angela Parkway,35702-1768,Paris,
226,Maxie,Jerde,100,1004,2979,CDI,Famille monoparentale,1971,,31929 Mohammed Spring,69003,Paris,
227,Madonna,Mertz,4,1326,2183,"Contrat précaire (étudiant, saisonnier, interim, mi-temps, etc...)",Couple avec enfant,1950,,37666 Monserrate Gardens,58439-9532,Paris,
228,Branson,Runolfsson,47,1203,2370,Sans emploi,Seul,1972,,7951 Blair Divide,50186-5623,Paris,
229,Henriette,Pfeffer,18,935,1577,"Indépendant (professions libérales, auto-entrepreneur, etc...)",Famille monoparentale,2001,,68458 Powlowski Circles,15667,Paris,
230,Jerrod,Jast,6,880,1925,CDD de plus de 8 mois,Couple avec enfant,1972,,5258 Issac Spring,53676,Paris,
231,Dennis,Baumbach,58,755,1989,"Indépendant (professions libérales, auto-entrepreneur, etc...)",Seul,1990,,967 Little River,32234-5791,Paris,
232,Celia,Bergnaum,1,977,1554,"Indépendant (professions libérales, auto-entrepreneur, etc...)",Couple sans enfant,1999,,2069 Tyra Track,31999,Paris,
233,Layla,Dickinson,93,788,1588,CDI,Seul,2014,,90298 Jeanne Field,21438,Paris,
234,Josefina,Daniel,35,933,2645,Sans emploi,Couple avec enfant,1999,,363 Brittany Springs,15578,Paris,
235,Cynthia,Schuster,48,516,2258,"Contrat précaire (étudiant, saisonnier, interim, mi-temps, etc...)",Seul,1999,,9209 Hahn Tunnel,81209-9239,Paris,
236,Omari,Schroeder,99,1192,2760,CDI,Famille monoparentale,2007,,436 Joanie Spurs,15504,Paris,
237,Tomasa,Cronin,42,687,2398,"Contrat précaire (étudiant, saisonnier, interim, mi-temps, etc...)",Seul,1999,,6104 Weber Squares,61177-4198,Paris,
238,Hilbert,Heaney,25,1252,1944,"Indépendant (professions libérales, auto-entrepreneur, etc...)",Seul,1951,,82195 Clementine Cliffs,98056,Paris,
239,Emelia,Ledner,60,1247,1918,CDI,Famille monoparentale,1949,,17733 Marshall Squares,94377,Paris,
240,Jillian,Durgan,27,1394,2974,"Contrat précaire (étudiant, saisonnier, interim, mi-temps, etc...)",Famille monoparentale,1977,,2913 Halvorson Canyon,81957,Paris,
241,Garnet,Koepp,88,624,2708,Sans emploi,Seul,1938,,48664 Abernathy Brooks,50561,Paris,
242,Parker,Trantow,50,1244,2737,CDD de plus de 8 mois,Couple sans enfant,1970,,93340 Eusebio Streets,22435-4976,Paris,
243,Emerson,Boehm,51,873,2032,Sans emploi,Seul,1952,,50644 Johns Islands,12486,Paris,
244,Izabella,Powlowski,98,1147,2177,CDI,Seul,1952,,3228 Considine Village,61464-8243,Paris,
245,Carolanne,Barrows,29,679,2196,Sans emploi,Couple avec enfant,1992,,92582 Mueller Falls,17328-9537,Paris,
246,Cordia,Spencer,66,588,1971,Sans emploi,Seul,1940,,860 Ashley Tunnel,51143-7398,Paris,
247,Catherine,Carroll,100,1083,2644,CDI,Seul,1936,,3041 Boyle Stravenue,46881,Paris,
248,Irwin,Hessel,5,1451,2379,"Contrat précaire (étudiant, saisonnier, interim, mi-temps, etc...)",Couple avec enfant,1950,,37666 Monserrate Gardens,58439-9532,Paris,
249,Freddie,Kunze,24,595,2164,"Contrat précaire (étudiant, saisonnier, interim, mi-temps, etc...)",Couple sans enfant,1991,,91720 Edgar Plains,91726,Paris,
250,Paul,Kautzer,93,593,2895,Sans emploi,Seul,1947,,4475 Columbus Centers,22026,Paris,
251,Earl,Hills,44,868,2852,"Contrat précaire (étudiant, saisonnier, interim, mi-temps, etc...)",Seul,1968,,63998 Aufderhar Stravenue,85481-0061,Paris,
252,Margot,Walter,100,600,2460,CDI,Seul,1936,,1362 Reinger Bypass,80424-7012,Paris,
253,Diego,Ryan,100,833,2752,Retraité,Famille monoparentale,1977,,704 Rickey Mews,63243-7349,Paris,
254,Letitia,Prosacco,96,1416,2752,Retraité,Famille monoparentale,1977,,704 Rickey Mews,63243-7349,Paris,
255,Bernie,Romaguera,24,1221,2517,"Contrat précaire (étudiant, saisonnier, interim, mi-temps, etc...)",Famille monoparentale,1933,,759 Regan Mountains,18189,Paris,
256,Fidel,Rodriguez,28,731,1977,"Contrat précaire (étudiant, saisonnier, interim, mi-temps, etc...)",Famille monoparentale,1930,,7857 Hintz Lights,33801,Paris,
257,Savanah,Witting,23,1325,2155,Sans emploi,Famille monoparentale,1972,,5307 Bruen Lock,53488,Paris,
258,Sandy,Treutel,48,840,2151,Retraité,Couple avec enfant,1951,,2077 Rhiannon Brook,63333,Paris,
259,Lavon,Streich,2,1140,1667,CDD de plus de 8 mois,Couple sans enfant,1948,,73448 Rau Dale,36595,Paris,
306,Domenick,Weimann,1,947,1525,Sans emploi,Couple avec enfant,1961,,266 Jaylen Estates,70523-2050,Paris,
260,Jettie,Mraz,27,1142,2373,"Contrat précaire (étudiant, saisonnier, interim, mi-temps, etc...)",Seul,1962,,47960 Murazik Unions,77953-0197,Paris,
261,Greta,Spinka,14,1308,1898,Sans emploi,Famille monoparentale,1935,,2982 Lenore Forge,12185,Paris,
262,Harmon,Gusikowski,29,1478,2267,"Indépendant (professions libérales, auto-entrepreneur, etc...)",Seul,1988,,6574 Hermann Points,28514,Paris,
263,Nels,Hand,2,1460,1916,"Indépendant (professions libérales, auto-entrepreneur, etc...)",Couple sans enfant,1942,,71143 Jenkins Cape,22222-7124,Paris,
264,Andrew,Wisoky,53,770,1865,Sans emploi,Seul,1981,,33958 Wiza Course,45825,Paris,
265,Clarissa,Graham,40,808,1705,Retraité,Couple sans enfant,1976,,9829 Nolan Squares,25331-3764,Paris,
266,Serenity,O'Conner,1,1028,1887,"Contrat précaire (étudiant, saisonnier, interim, mi-temps, etc...)",Couple avec enfant,1972,,442 Fay Points,60422-7857,Paris,
267,Vinnie,Conn,47,1258,2746,Retraité,Couple avec enfant,1980,,233 White Crossing,93236-6452,Paris,
268,Catalina,Davis,70,1157,2667,CDD de plus de 8 mois,Famille monoparentale,2001,,290 Herman Gardens,20737,Paris,
269,Desiree,Kemmer,78,697,2627,Sans emploi,Famille monoparentale,1997,,10628 Cormier Knoll,63486,Paris,
270,Ruthe,Osinski,83,946,2599,CDD de plus de 8 mois,Seul,1940,,55568 Mervin Way,59130,Paris,
271,Jade,Little,99,963,2919,CDI,Couple sans enfant,1935,,4779 Cummerata Harbor,24144,Paris,
272,Chet,Frami,22,1203,1943,Sans emploi,Famille monoparentale,2004,,2177 Lou Bypass,68311,Paris,
273,Kira,Medhurst,98,633,2631,CDD de plus de 8 mois,Seul,1968,,561 Wilton Pines,88932-5192,Paris,
274,Georgette,Balistreri,66,581,2152,"Indépendant (professions libérales, auto-entrepreneur, etc...)",Famille monoparentale,1979,,67922 Collins Islands,34855-8360,Paris,
275,Randal,Bins,1,1329,1790,CDI,Couple avec enfant,1996,,35900 Twila Throughway,36395-0579,Paris,
276,Clark,Hilll,17,1105,1585,Retraité,Famille monoparentale,1944,,32503 Concepcion Trace,69417-2181,Paris,
277,Minerva,Wintheiser,1,941,1622,"Contrat précaire (étudiant, saisonnier, interim, mi-temps, etc...)",Couple avec enfant,1978,,31581 Laney Cove,64202,Paris,
278,Regan,Gorczany,38,1185,2295,Sans emploi,Famille monoparentale,2000,,442 Shania Roads,91055-4892,Paris,
279,Chaya,Schoen,35,912,2739,Sans emploi,Couple avec enfant,1963,,13864 Jones Ville,70291-4352,Paris,
280,Carlo,Hodkiewicz,48,625,2489,"Contrat précaire (étudiant, saisonnier, interim, mi-temps, etc...)",Seul,1961,,348 Jacey Street,98171-6794,Paris,
281,August,Sporer,7,1074,1964,Retraité,Couple avec enfant,1991,,129 Alejandrin Light,85437-4732,Paris,
282,Hudson,Nicolas,100,521,2854,CDI,Seul,1961,,303 Murray Track,82683,Paris,
283,Danika,Stehr,100,728,2522,Retraité,Famille monoparentale,1977,,704 Rickey Mews,63243-7349,Paris,
284,Zion,Kshlerin,20,662,1923,Sans emploi,Couple avec enfant,1994,,584 Ryan Hill,63243-7349,Paris,
285,Naomi,Collins,28,1307,2897,"Contrat précaire (étudiant, saisonnier, interim, mi-temps, etc...)",Famille monoparentale,1962,,752 Emard Ridges,42679,Paris,
286,Meagan,Steuber,49,648,1886,Retraité,Couple avec enfant,1942,,2598 Karl Street,74444,Paris,
287,Hope,Morissette,29,593,1800,"Contrat précaire (étudiant, saisonnier, interim, mi-temps, etc...)",Famille monoparentale,1994,,2674 Green Ports,11494-4366,Paris,
288,Ceasar,West,24,916,2080,"Contrat précaire (étudiant, saisonnier, interim, mi-temps, etc...)",Famille monoparentale,1942,,71143 Jenkins Cape,22222-7124,Paris,
289,Ozella,Connelly,66,588,1913,Sans emploi,Seul,1990,,3385 Hayes Trace,13868-7048,Paris,
290,Breanna,Kilback,39,642,2377,"Indépendant (professions libérales, auto-entrepreneur, etc...)",Couple avec enfant,2006,,850 Kris Cape,40144,Paris,
291,Sarina,Schultz,55,817,1754,CDD de plus de 8 mois,Seul,1973,,22947 Veum Mission,72288,Paris,
292,Leone,Beer,86,841,2053,CDI,Couple sans enfant,1934,,4858 Franco Court,45109-2498,Paris,
293,Jacey,Metz,43,589,1795,CDD de plus de 8 mois,Couple sans enfant,1968,,5922 Alia Junctions,65146,Paris,
294,Hassan,Kassulke,28,747,2363,Sans emploi,Couple avec enfant,1964,,5667 Stracke Divide,98128-2561,Paris,
295,Maia,Kerluke,73,841,2096,Retraité,Couple sans enfant,1944,,4985 Dare Trail,44573-5882,Paris,
296,Aubrey,King,99,1108,2722,Retraité,Seul,1986,,19734 Effertz Courts,24980-0288,Paris,
297,Erling,Mante,70,1454,2267,Retraité,Seul,1962,,97431 Beatty Fields,83133,Paris,
298,Elbert,Vandervort,48,778,1596,CDD de plus de 8 mois,Seul,1969,,734 Lakin Ferry,47941-7361,Paris,
299,Adella,Wyman,9,963,2089,CDD de plus de 8 mois,Couple avec enfant,1970,,35560 Brain Ville,98820,Paris,
300,Berry,Dickens,99,825,2752,Retraité,Couple sans enfant,1980,,4819 Jade Mall,54937,Paris,
301,Ethelyn,Thiel,1,1450,1698,"Contrat précaire (étudiant, saisonnier, interim, mi-temps, etc...)",Couple avec enfant,1984,,6093 Uriel Pine,32781,Paris,
302,Derick,Schimmel,45,1184,2517,Retraité,Couple avec enfant,2014,,94617 Billie Wells,56035,Paris,
303,Jerome,Mills,75,599,2619,CDD de plus de 8 mois,Couple sans enfant,2009,,2474 Vernice Plains,40936,Paris,
304,Terry,Cremin,5,1169,1895,"Contrat précaire (étudiant, saisonnier, interim, mi-temps, etc...)",Couple sans enfant,1957,,2616 Collier Station,15075,Paris,
305,Rasheed,Brown,99,988,2961,CDI,Couple sans enfant,2010,,1000 Goldner Plaza,58802,Paris,
307,Al,Bashirian,1,1245,1644,CDI,Couple sans enfant,2013,,9560 Thiel Street,64378,Paris,
308,Therese,Denesik,1,1348,1884,"Indépendant (professions libérales, auto-entrepreneur, etc...)",Couple avec enfant,2000,,697 Purdy Mountains,52454,Paris,
309,Larry,Wilderman,16,1265,1879,Sans emploi,Famille monoparentale,1993,,80026 Sierra Courts,83844,Paris,
310,Lenna,Leffler,76,739,1978,CDD de plus de 8 mois,Seul,1970,,198 Mosciski Mount,17520,Paris,
311,Burdette,Kutch,53,894,2082,Retraité,Couple sans enfant,2011,,5860 Ledner Tunnel,38813,Paris,
312,Cathrine,Dooley,99,632,2988,Retraité,Couple avec enfant,2003,,3427 Lakin Rue,65867-9218,Paris,
313,Camron,Braun,66,1151,2627,CDI,Couple avec enfant,1978,,35828 Alysson Square,24268,Paris,
314,Curtis,Cummings,99,823,2087,Retraité,Seul,1991,,334 Eleanore Ways,51088-9745,Paris,
315,Cole,Ortiz,100,903,2378,CDI,Seul,1937,,804 Bria Curve,64526-6721,Paris,
316,Wava,Reichert,53,1059,1671,CDI,Famille monoparentale,1992,,94399 Penelope Route,53734,Paris,
317,Rachel,Botsford,18,1009,2332,"Contrat précaire (étudiant, saisonnier, interim, mi-temps, etc...)",Couple sans enfant,1935,,696 Anahi Springs,27000-0970,Paris,
318,Dante,Emard,37,839,2144,CDD de plus de 8 mois,Couple sans enfant,2009,,852 Clifton Cape,96902,Paris,
319,Obie,Ruecker,1,1268,1881,"Contrat précaire (étudiant, saisonnier, interim, mi-temps, etc...)",Couple avec enfant,1933,,460 Herman Cape,41097,Paris,
320,Hadley,Ankunding,40,993,2808,"Contrat précaire (étudiant, saisonnier, interim, mi-temps, etc...)",Seul,1963,,634 Jalyn Road,30760-5138,Paris,
321,Cassandre,Cruickshank,13,1055,1858,"Contrat précaire (étudiant, saisonnier, interim, mi-temps, etc...)",Famille monoparentale,1981,,6049 Konopelski Avenue,69640-7896,Paris,
322,Joesph,Lubowitz,72,724,2317,Retraité,Couple avec enfant,2013,,391 Bailey Stream,44407-8356,Paris,
323,Maurice,Kuvalis,3,978,1907,"Contrat précaire (étudiant, saisonnier, interim, mi-temps, etc...)",Couple avec enfant,1993,,50752 Freddy Field,86228-6505,Paris,
324,Hazle,Dare,4,1046,1910,Sans emploi,Couple avec enfant,1996,,3203 Cornelius Road,11290,Paris,
325,Enid,Stamm,29,889,2079,Sans emploi,Couple sans enfant,1947,,27827 Smith Ridges,12546-4936,Paris,
326,Tyrique,Langosh,30,599,2028,"Indépendant (professions libérales, auto-entrepreneur, etc...)",Couple avec enfant,1949,,5189 Runolfsdottir Light,32697,Paris,
327,Kayley,Fritsch,100,1121,2909,Retraité,Seul,1992,,17816 Makenna Valleys,71675-3667,Paris,
328,Marilyne,Bradtke,99,671,1794,CDI,Famille monoparentale,1992,,94399 Penelope Route,53734,Paris,
329,Claudie,Hyatt,21,803,2047,Sans emploi,Couple avec enfant,1937,,6475 Ali Squares,69994,Paris,
330,Ofelia,Auer,34,866,2520,Sans emploi,Couple avec enfant,2001,,69338 Conn Hollow,28249,Paris,
331,Una,Bruen,1,1411,1755,CDD de plus de 8 mois,Couple sans enfant,1938,,599 Crist Road,69230-1713,Paris,
332,Brittany,Wehner,11,755,2181,"Contrat précaire (étudiant, saisonnier, interim, mi-temps, etc...)",Couple avec enfant,1969,,5636 Nikolaus Bypass,26907,Paris,
333,Camren,Heidenreich,13,1090,1694,"Indépendant (professions libérales, auto-entrepreneur, etc...)",Famille monoparentale,1974,,6213 Kasandra Radial,48363-1882,Paris,
334,Elmore,McClure,8,1361,1728,Retraité,Famille monoparentale,2002,,955 Grant Skyway,28360,Paris,
335,Jo,Nitzsche,22,1129,2478,"Indépendant (professions libérales, auto-entrepreneur, etc...)",Couple avec enfant,2006,,208 Nader Terrace,33787,Paris,
336,Mable,Stoltenberg,28,1094,2494,CDD de plus de 8 mois,Couple avec enfant,2011,,66091 Paris Parkways,57663,Paris,
337,Emmie,O'Kon,13,655,1704,"Contrat précaire (étudiant, saisonnier, interim, mi-temps, etc...)",Couple sans enfant,1935,,16233 Malcolm Fork,47143-0754,Paris,
338,Karolann,Torphy,5,1209,1937,Sans emploi,Couple sans enfant,1996,,18780 Kassulke Cove,75358,Paris,
339,Flossie,Stroman,23,1132,2226,"Indépendant (professions libérales, auto-entrepreneur, etc...)",Couple sans enfant,1951,,3878 Feil Knoll,20059,Paris,
340,Abigayle,Hirthe,67,879,2703,Sans emploi,Famille monoparentale,1956,,1500 Grimes Path,92946-2591,Paris,
341,Jessy,Greenfelder,33,732,1802,CDD de plus de 8 mois,Couple sans enfant,1981,,14358 Sophie Divide,94378-8691,Paris,
342,Brandt,Morar,43,1072,2110,Sans emploi,Seul,1967,,74836 Guy Landing,97951-0082,Paris,
343,Ayden,Lakin,82,657,2715,"Indépendant (professions libérales, auto-entrepreneur, etc...)",Famille monoparentale,2002,,62029 Domenick Roads,35472-6239,Paris,
344,Trace,Johns,22,1127,2099,CDD de plus de 8 mois,Couple sans enfant,1937,,628 Beier Meadows,30475,Paris,
345,Kelly,Hermann,38,869,2619,"Indépendant (professions libérales, auto-entrepreneur, etc...)",Couple avec enfant,1994,,5315 Noemi Neck,87972,Paris,
346,Haven,Senger,47,1045,2916,"Indépendant (professions libérales, auto-entrepreneur, etc...)",Couple sans enfant,2008,,623 Layla Ramp,90871-9920,Paris,
347,Bertha,Gleichner,28,1218,2337,Retraité,Couple avec enfant,2007,,1657 Corkery Court,20934-9066,Paris,
348,Demetris,Herzog,36,919,2636,"Contrat précaire (étudiant, saisonnier, interim, mi-temps, etc...)",Famille monoparentale,1931,,96532 Boyer Street,91273-7704,Paris,
349,Waylon,Reichel,75,1033,1643,CDI,Seul,1978,,536 Mueller Mountains,43410-4239,Paris,
350,Rickey,Pouros,29,1330,2756,Sans emploi,Couple sans enfant,2007,,654 McGlynn Gardens,69192-7153,Paris,
351,Gunner,Zieme,74,568,2073,Sans emploi,Seul,1993,,859 Tamia Corner,20097-3158,Paris,
352,Lisa,Bauch,44,805,2683,"Contrat précaire (étudiant, saisonnier, interim, mi-temps, etc...)",Seul,1961,,5975 Gleichner Gateway,82023-6813,Paris,
353,Abby,Marquardt,100,672,2627,Retraité,Famille monoparentale,1962,,176 Carson Shores,48485,Paris,
354,Reilly,Leannon,36,820,1643,Sans emploi,Seul,2002,,49953 Ethyl Hollow,83493-7573,Paris,
355,Edmund,Lemke,29,735,1554,"Indépendant (professions libérales, auto-entrepreneur, etc...)",Famille monoparentale,1941,,2575 Willard Pines,28802-4367,Paris,
356,Eleanora,Parker,2,845,1595,Retraité,Couple avec enfant,1999,,787 Roger Views,58189,Paris,
357,Tyler,Russel,42,782,2636,"Indépendant (professions libérales, auto-entrepreneur, etc...)",Couple avec enfant,1953,,977 Jerrold Key,16811-0792,Paris,
358,Lloyd,Daugherty,91,685,2156,CDI,Couple sans enfant,2011,,2171 Turcotte Mountain,83095-0626,Paris,
359,Armand,Jacobs,2,1377,1696,"Contrat précaire (étudiant, saisonnier, interim, mi-temps, etc...)",Famille monoparentale,1988,,77064 Judd Ramp,69295-1670,Paris,
360,Linnie,Roob,14,841,1643,CDD de plus de 8 mois,Couple sans enfant,1976,,649 D'Amore Courts,94417,Paris,
361,Emory,Jones,53,1465,2739,CDD de plus de 8 mois,Famille monoparentale,1939,,130 Collins Drive,70288,Paris,
362,Virginie,Renner,17,916,1757,"Contrat précaire (étudiant, saisonnier, interim, mi-temps, etc...)",Famille monoparentale,2014,,47225 Metz Groves,45906-6272,Paris,
363,Claud,Walsh,18,1358,1877,"Indépendant (professions libérales, auto-entrepreneur, etc...)",Seul,1965,,72837 Jazlyn Station,62202-5871,Paris,
364,Noel,Konopelski,82,1322,2684,CDI,Couple sans enfant,2012,,663 Jakubowski Spurs,20515-2283,Paris,
365,Rebeka,Ullrich,74,709,1917,CDD de plus de 8 mois,Seul,1957,,5199 Watsica Corners,44338-3939,Paris,
366,Josiah,Fisher,40,820,1719,Sans emploi,Seul,1997,,2038 Billie Valley,51943,Paris,
367,Brennon,Turner,44,1490,2709,"Indépendant (professions libérales, auto-entrepreneur, etc...)",Seul,1959,,2821 Andy Grove,95472,Paris,
368,Alec,Blick,43,899,2917,"Indépendant (professions libérales, auto-entrepreneur, etc...)",Couple avec enfant,1958,,59517 Barrows Plains,84777-3166,Paris,
369,Zoie,Paucek,70,758,2365,"Indépendant (professions libérales, auto-entrepreneur, etc...)",Seul,1933,,5743 Valentina Streets,11961-5808,Paris,
370,Lesly,Marks,37,545,2190,"Indépendant (professions libérales, auto-entrepreneur, etc...)",Couple avec enfant,1998,,4589 Conn Road,92412-6263,Paris,
371,Eunice,Kris,69,1025,2817,"Indépendant (professions libérales, auto-entrepreneur, etc...)",Seul,1933,,927 Langworth Spurs,84910,Paris,
372,Felipe,Kunde,88,1089,1838,CDI,Seul,1968,,20554 Ritchie Path,89079-2938,Paris,
373,Buster,Watsica,20,1235,2528,"Indépendant (professions libérales, auto-entrepreneur, etc...)",Couple avec enfant,2003,,6940 Devonte Wells,52879-8191,Paris,
374,Shawna,Hammes,21,922,1877,CDI,Couple avec enfant,1944,,477 Esperanza Rapid,31397-2416,Paris,
375,Jerald,Parisian,1,1358,1796,CDI,Couple avec enfant,2013,,55293 Hudson Falls,65196,Paris,
376,Arne,Williamson,95,528,1882,CDI,Couple sans enfant,1946,,623 Jalon Centers,32503-3259,Paris,
377,Peyton,Beier,11,1316,2052,"Contrat précaire (étudiant, saisonnier, interim, mi-temps, etc...)",Famille monoparentale,1974,,323 Lemke Route,97111-2660,Paris,
378,Lacey,Hauck,26,1108,2705,Sans emploi,Couple avec enfant,1978,,68927 Lebsack Fort,31503-8851,Paris,
379,Frank,McLaughlin,2,820,1721,Sans emploi,Couple avec enfant,1978,,11823 Schuster Cliffs,83659-0208,Paris,
380,Mackenzie,Tremblay,16,723,2348,"Contrat précaire (étudiant, saisonnier, interim, mi-temps, etc...)",Couple avec enfant,1957,,9678 Bogan Hills,59133-3600,Paris,
381,Leilani,Crist,61,991,2366,CDI,Couple avec enfant,1958,,45399 Beahan Shore,87339,Paris,
382,Amira,Schaden,31,1419,2753,"Indépendant (professions libérales, auto-entrepreneur, etc...)",Couple sans enfant,1944,,166 Reichert Village,48273,Paris,
383,Clinton,Wuckert,6,1104,1826,"Contrat précaire (étudiant, saisonnier, interim, mi-temps, etc...)",Couple sans enfant,1941,,55503 Neoma Club,72856,Paris,
384,Buford,Dibbert,97,712,2692,Retraité,Couple sans enfant,2014,,654 Hammes Throughway,34158-8885,Paris,
385,Maida,Jacobson,8,843,2055,"Contrat précaire (étudiant, saisonnier, interim, mi-temps, etc...)",Couple avec enfant,1997,,121 Watsica Plaza,73941-0011,Paris,
386,Raina,Bartell,3,1088,1901,CDD de plus de 8 mois,Couple avec enfant,2014,,48197 Harvey Plains,37266,Paris,
387,Halle,Bogisich,42,717,1762,Sans emploi,Famille monoparentale,2008,,641 Nettie Fort,94719-4416,Paris,
388,Russel,Douglas,50,625,2646,"Contrat précaire (étudiant, saisonnier, interim, mi-temps, etc...)",Seul,1962,,31238 Joshuah Walks,82913-6655,Paris,
389,Chasity,Breitenberg,68,1193,1974,Retraité,Seul,1949,,66594 Reed Centers,99452-6431,Paris,
390,Josiane,Reilly,100,572,2673,Retraité,Famille monoparentale,2006,,81416 Nolan Inlet,54316-9602,Paris,
391,Anais,Padberg,90,643,2842,Sans emploi,Seul,2002,,49953 Ethyl Hollow,83493-7573,Paris,
392,Grayson,Raynor,99,1481,2919,CDI,Famille monoparentale,1979,,486 Clark Village,76316-5418,Paris,
393,Braeden,Strosin,38,975,1876,"Indépendant (professions libérales, auto-entrepreneur, etc...)",Seul,2013,,8197 Conn Street,43171-5475,Paris,
394,Evelyn,Kuphal,99,1245,2682,CDI,Seul,1937,,114 Lesch Islands,37769-5649,Paris,
395,Kendall,Kling,57,1106,2760,"Indépendant (professions libérales, auto-entrepreneur, etc...)",Famille monoparentale,1979,,8197 Conn Street,43171-5475,Paris,
396,Hailey,Hermiston,39,1207,2404,"Indépendant (professions libérales, auto-entrepreneur, etc...)",Famille monoparentale,1962,,2099 Cole Prairie,91856,Paris,
397,Giuseppe,Sanford,19,1163,2461,CDD de plus de 8 mois,Couple avec enfant,1980,,7505 Melyna Rapid,41038-9651,Paris,
398,Daisha,Murphy,13,945,1999,Sans emploi,Couple avec enfant,1941,,9524 Brandon Ridge,74382,Paris,
399,Alexandro,Mann,43,628,2217,"Indépendant (professions libérales, auto-entrepreneur, etc...)",Couple sans enfant,2011,,9592 Tressie Knolls,13496,Paris,
400,Noemy,Schinner,100,596,2002,CDI,Seul,1976,,787 Hahn Mission,29810,Paris,
401,Ayana,Bailey,75,936,2980,"Indépendant (professions libérales, auto-entrepreneur, etc...)",Famille monoparentale,2005,,6324 Morar Walk,83493-7573,Paris,
402,Agnes,Krajcik,32,957,2415,"Contrat précaire (étudiant, saisonnier, interim, mi-temps, etc...)",Seul,1938,,544 Martine Crescent,31962,Paris,
403,Vincenza,Feil,1,1419,1740,Retraité,Couple sans enfant,1934,,3596 Ava Mall,96318,Paris,
404,German,Pfannerstill,99,1209,2813,Retraité,Famille monoparentale,1988,,735 Pierre Springs,16113-8798,Paris,
405,Keely,Brekke,76,857,1965,CDI,Couple sans enfant,1939,,149 Wilkinson Burg,81607,Paris,
406,Annie,Adams,3,858,1768,"Indépendant (professions libérales, auto-entrepreneur, etc...)",Couple avec enfant,1983,,1020 Collier Villages,58029,Paris,
407,Efrain,Lang,2,1253,2064,CDI,Couple avec enfant,1970,,8681 Thelma Glen,25454-3126,Paris,
408,Sincere,Wunsch,55,514,2802,"Indépendant (professions libérales, auto-entrepreneur, etc...)",Couple avec enfant,1966,,6164 Loyal Dale,17877-9612,Paris,
