9,Mariane,Gleason,41,546,2194,"Contrat précaire (étudiant, saisonnier, interim, mi-temps, etc...)",Famille monoparentale,1981,,9217 Darius Shoals,62587-2763,Lonçon,
10,Heidi,Stokes,32,621,1896,CDD de plus de 8 mois,Couple avec enfant,2001,,6211 D'Amore River,49826-7642,Kerfourn,
11,Gerhard,Feil,83,965,2447,CDD de plus de 8 mois,Seul,1970,,293 Lowe Road,86837,Lucbardez-et-Bargues,
12,Jessy,Feeney,47,787,1983,Retraité,Couple avec enfant,2007,,64297 Kenyatta Common,83558-9433,Saint-Évarzec,
13,Alanna,McCullough,82,924,2627,CDD de plus de 8 mois,Famille monoparentale,1975,,89439 Kaya Mountains,36297,Rosazia,
14,Deron,McKenzie,69,999,2802,CDD de plus de 8 mois,Couple sans enfant,1955,,663 Grimes Gardens,14257,Tillac,
15,Eloisa,Thompson,27,882,1516,Sans emploi,Seul,1943,,50666 Mitchell Stream,13100-7764,Brassac,
16,Elroy,Price,56,1218,2582,"Indépendant (professions libérales, auto-entrepreneur, etc...)",Seul,1975,,27285 Kub Roads,15005,Montapas,
17,Nathan,Hilpert,46,819,1982,"Indépendant (professions libérales, auto-entrepreneur, etc...)",Famille monoparentale,1973,,6030 Princess Path,93656,Saint-Pierre-de-Genebroz,
18,Bernadine,Wehner,1,1489,1548,Retraité,Seul,1937,,9666 Rempel Union,18666-5157,Hoymille,
19,Savannah,Brekke,74,944,2660,Sans emploi,Seul,1999,,2272 Weissnat Run,60106-1138,Le Planois,
20,Joyce,Casper,52,795,2095,CDD de plus de 8 mois,Couple sans enfant,1968,,86040 Wiegand Curve,66327,Le Thou,
21,Oma,Marquardt,16,1148,1609,Sans emploi,Seul,1962,,91775 Schuster Mountain,66310,Eygaliers,
22,Demarco,D'Amore,67,1050,2673,Sans emploi,Seul,1996,,438 Larson Mill,18992,Miremont,
23,Tiara,Windler,100,583,2788,CDI,Famille monoparentale,1992,,82503 Harvey Knolls,67276-8766,Sainte-Marthe,
24,Wendy,Ward,99,814,2294,Retraité,Famille monoparentale,1985,,5427 Samson Skyway,70484,Vesdun,
25,Wayne,Berge,90,697,2326,Retraité,Couple avec enfant,1943,,908 Dooley Common,29719-7313,Dommartin,
26,Zetta,Cormier,37,1081,2986,"Contrat précaire (étudiant, saisonnier, interim, mi-temps, etc...)",Famille monoparentale,1975,,7201 Strosin Ports,20535-9031,Cailleville,
27,Beaulah,Wisoky,45,1327,2495,Sans emploi,Seul,1939,,354 Kunze Throughway,53231-7558,Soyons,
28,Jewell,Weber,6,1015,2047,"Contrat précaire (étudiant, saisonnier, interim, mi-temps, etc...)",Couple avec enfant,1985,,9826 Diana Corner,82232,Montpensier,
29,Jonathon,Dietrich,62,680,1639,CDD de plus de 8 mois,Seul,1948,,1526 Scotty Lodge,65362-4931,Peypin-d'Aigues,
30,Heath,Robel,20,1031,1903,"Indépendant (professions libérales, auto-entrepreneur, etc...)",Couple sans enfant,1935,,34745 Lebsack Plains,22499,Sceaux-d'Anjou,
31,Tate,Homenick,24,899,1985,"Contrat précaire (étudiant, saisonnier, interim, mi-temps, etc...)",Famille monoparentale,1990,,458 Fay Plaza,33693-5649,Vaudrey,
32,Saige,Kreiger,24,883,2685,"Contrat précaire (étudiant, saisonnier, interim, mi-temps, etc...)",Couple avec enfant,2005,,402 Wuckert Expressway,95167,Maillet,
33,Deondre,Waelchi,100,514,1868,CDI,Seul,1951,,240 Wolff Cape,64401-2008,Saint-Jacques-de-Thouars,
34,Madonna,Ondricka,6,1294,2183,"Contrat précaire (étudiant, saisonnier, interim, mi-temps, etc...)",Couple avec enfant,1950,,37666 Monserrate Gardens,58439-9532,Zinswiller,
35,Brad,Dickinson,40,1116,2195,Sans emploi,Famille monoparentale,2013,,261 Morar Square,71882,Linières-Bouton,
36,Aaliyah,Kuvalis,54,1395,2479,CDD de plus de 8 mois,Seul,1946,,181 Sipes Track,56829,Vagney,
37,Carley,Rippin,100,1138,2964,CDI,Famille monoparentale,1939,,201 Jeanie Forge,83192,Vignol,
38,Irwin,Mertz,5,1326,2183,"Contrat précaire (étudiant, saisonnier, interim, mi-temps, etc...)",Couple avec enfant,1950,,37666 Monserrate Gardens,58439-9532,Zinswiller,
39,Jewel,Auer,1,1482,1948,"Contrat précaire (étudiant, saisonnier, interim, mi-temps, etc...)",Couple avec enfant,1961,,4117 Maggie Meadows,82854,Neuville-en-Ferrain,
40,Tomasa,Pfeffer,81,662,2217,Retraité,Couple avec enfant,1998,,189 Pouros Ridges,61062-2367,Saint-Martin-de-Clelles,
41,Ericka,Friesen,8,1463,2103,Sans emploi,Couple sans enfant,1950,,123 Cassin Expressway,25080-1870,Nuncq-Hautecôte,
42,Nadia,Kuhn,79,1100,2777,CDD de plus de 8 mois,Famille monoparentale,1961,,5483 Jamison Fork,15802-3309,Saint-Clar-de-Rivière,
43,Dariana,Ritchie,45,623,1983,Sans emploi,Couple sans enfant,1970,,4564 Bechtelar Cliff,57557,Bennecourt,
44,Kaylah,Wunsch,63,928,1524,CDI,Famille monoparentale,1938,,3488 Bogisich Locks,66526-4769,Nauroy,
45,Murl,Wilkinson,98,1157,2384,Retraité,Seul,1988,,9380 Adolph Valleys,67648-0873,Landres,
46,Keenan,Rodriguez,100,633,2904,CDI,Couple sans enfant,2008,,18638 Lonnie Divide,47818,Vernajoul,
47,Diego,Hessel,7,1451,2379,"Contrat précaire (étudiant, saisonnier, interim, mi-temps, etc...)",Couple avec enfant,1950,,37666 Monserrate Gardens,58439-9532,Zinswiller,
48,Hilda,Torp,98,1206,2338,CDI,Famille monoparentale,1969,,710 Brock Wells,21300,Châtenay,
49,Justus,Schulist,43,985,2861,"Contrat précaire (étudiant, saisonnier, interim, mi-temps, etc...)",Seul,1972,,2723 Durgan Port,76671-3035,Blainville-sur-Orne,
50,Yesenia,Hamill,8,1373,1719,Retraité,Famille monoparentale,1983,,12095 Turner Trace,16156,Beausoleil,
51,Jo,Nitzsche,26,1129,2478,"Indépendant (professions libérales, auto-entrepreneur, etc...)",Couple avec enfant,2006,,208 Nader Terrace,33787,Noyelle-Vion,
52,Dustin,Breitenberg,31,759,2168,"Indépendant (professions libérales, auto-entrepreneur, etc...)",Couple avec enfant,2011,,798 Dandre Terrace,80855-1347,Trois-Rivières,
53,Dayana,Ledner,64,795,2136,CDI,Couple avec enfant,1977,,44681 Denesik Mission,80950,Briantes,
54,Aileen,Grimes,48,568,2510,"Indépendant (professions libérales, auto-entrepreneur, etc...)",Couple avec enfant,1967,,4948 Jesus Land,74881,Aulnoy-lez-Valenciennes,
55,Jaqueline,Hartmann,100,540,2944,CDD de plus de 8 mois,Famille monoparentale,2014,,60542 Major Stream,72248,Donnenheim,
56,Letitia,Walter,57,1379,2857,"Indépendant (professions libérales, auto-entrepreneur, etc...)",Seul,1964,,760 Osinski Cape,94399,Montégut-Lauragais,
57,Roma,Sanford,28,1207,1910,Sans emploi,Seul,1988,,13073 Parisian Port,98760,Saint-Urcisse,
58,Willow,Kirlin,13,648,1721,"Indépendant (professions libérales, auto-entrepreneur, etc...)",Couple avec enfant,1961,,4666 Randall Freeway,41133,Marly-sur-Arroux,
59,Mariano,Bruen,49,1033,1604,Retraité,Seul,1935,,94720 Fritsch Stream,95511-6944,Champanges,
60,Linnie,Heidenreich,89,1048,1949,Retraité,Seul,2010,,53024 Angelita Trace,67882,Hénouville,
61,Amiya,Beahan,68,1297,2568,CDI,Couple avec enfant,2005,,118 Viola Expressway,50668,Saint-Antoine,
62,Dejah,Haley,99,1258,2649,Retraité,Seul,1995,,33048 Wilson Well,99361,La Jonchère-Saint-Maurice,
63,Keely,Romaguera,38,965,1754,CDI,Couple sans enfant,1939,,149 Wilkinson Burg,81607,Saint-Julien,
64,Lorenza,Fahey,6,1266,1921,"Contrat précaire (étudiant, saisonnier, interim, mi-temps, etc...)",Couple sans enfant,1974,,5533 Janiya Orchard,75531,Flavy-le-Meldeux,
65,Morton,Erdman,13,673,1507,Retraité,Couple avec enfant,1934,,834 Elenor Ports,61264,Villié-Morgon,
66,Rosanna,Hagenes,57,1029,2529,"Indépendant (professions libérales, auto-entrepreneur, etc...)",Famille monoparentale,1952,,2656 Patrick Motorway,63524,Raze,
67,Nicholaus,Huels,80,1114,2698,CDD de plus de 8 mois,Seul,1941,,8377 Fletcher Viaduct,22955-6767,Rusio,
68,Jaylon,Halvorson,100,1109,2890,CDI,Seul,2014,,4570 Nona Locks,30809-1382,Bossay-sur-Claise,
69,Danika,Ryan,100,833,2752,Retraité,Famille monoparentale,1977,,704 Rickey Mews,63243-7349,Rang,
70,Zion,Prosacco,97,1416,2752,Retraité,Famille monoparentale,1977,,704 Rickey Mews,63243-7349,Rang,
71,Bobby,Nienow,99,1351,2645,CDI,Seul,1956,,7009 West Freeway,15509-0120,Alluyes,
72,Anna,Hoppe,100,769,2267,Retraité,Seul,1962,,97431 Beatty Fields,83133,Ville-di-Pietrabugno,
73,Wava,Stehr,100,728,2522,Retraité,Famille monoparentale,1977,,704 Rickey Mews,63243-7349,Rang,
74,Marilyne,Kshlerin,24,662,1923,Sans emploi,Couple avec enfant,1994,,584 Ryan Hill,63243-7349,Rang,
75,Emmanuel,Kilback,92,771,2456,CDD de plus de 8 mois,Seul,1938,,60631 Abdullah Shores,66513-0551,Origny-Sainte-Benoite,
76,Evans,Leuschke,99,1422,2572,CDI,Seul,1962,,7106 Julien Lane,43638-4104,Saint-Dizant-du-Bois,
77,Julius,Witting,52,1050,1718,Retraité,Famille monoparentale,1951,,661 Beaulah Run,95408-0581,Boissei-la-Lande,
78,Phyllis,Prohaska,99,705,2775,CDD de plus de 8 mois,Seul,1934,,63174 Bayer Fork,11162-5897,Saint-Symphorien-des-Bois,
79,Manuela,Kovacek,38,563,2514,"Contrat précaire (étudiant, saisonnier, interim, mi-temps, etc...)",Couple sans enfant,1980,,150 Constance Glen,71961,Saint-Julien-du-Sault,
80,Maryam,Von,54,851,2118,Retraité,Couple avec enfant,2004,,52014 Waters Valley,74724-8242,Nuits,
81,Blair,Stracke,65,514,1894,Sans emploi,Famille monoparentale,1957,,5819 Nicholas Falls,28319,Crouy-Saint-Pierre,
82,Tyrel,Gislason,25,846,1857,"Indépendant (professions libérales, auto-entrepreneur, etc...)",Couple sans enfant,1948,,9044 Lind Harbor,93133,Boursières,
83,Mervin,Dickens,99,583,2820,CDD de plus de 8 mois,Famille monoparentale,1965,,382 Eleonore Shoals,46770-8996,Cobrieux,
84,Lyda,Schimmel,36,1227,2106,"Indépendant (professions libérales, auto-entrepreneur, etc...)",Seul,2013,,8197 Conn Street,43171-5475,Bargemon,
85,Corine,Heaney,76,555,1987,"Indépendant (professions libérales, auto-entrepreneur, etc...)",Seul,1985,,7939 Baumbach Mission,87168-7226,La Ronde-Haye,
86,Isabell,Lehner,39,809,2348,"Contrat précaire (étudiant, saisonnier, interim, mi-temps, etc...)",Seul,1994,,6118 Ludie Coves,28899-0238,Clasville,
87,Chadd,Schoen,64,702,1976,Sans emploi,Seul,1955,,87967 Cary Creek,28504-7718,Lucy-sur-Yonne,
88,America,Schumm,35,879,1774,"Indépendant (professions libérales, auto-entrepreneur, etc...)",Famille monoparentale,2014,,5214 Kohler Land,11999,Camjac,
89,Ewell,Hintz,18,1081,1869,"Contrat précaire (étudiant, saisonnier, interim, mi-temps, etc...)",Seul,1944,,53610 Buckridge Village,46863-7861,Esquay-Notre-Dame,
90,Caleigh,Denesik,55,999,2214,"Indépendant (professions libérales, auto-entrepreneur, etc...)",Seul,1997,,253 Syble Mountains,75192,Sommedieue,
91,Kristopher,Blick,99,963,2983,CDI,Couple avec enfant,1948,,1588 Hickle Trace,93322,Saint-Perreux,
92,Dorris,Mante,76,1454,2267,Retraité,Seul,1962,,97431 Beatty Fields,83133,Ville-di-Pietrabugno,
93,Travis,Eichmann,25,1234,2583,"Contrat précaire (étudiant, saisonnier, interim, mi-temps, etc...)",Famille monoparentale,1964,,2724 Skye Meadows,95737,Épeugney,
94,Jarret,Marks,66,760,1707,CDI,Couple sans enfant,1946,,63138 Christophe Terrace,95640-8643,Nozeroy,
95,Doug,Herman,39,1284,2066,CDD de plus de 8 mois,Seul,1933,,924 Lolita Ridges,68825,Champfleury,
96,Rafaela,Kautzer,100,976,2447,CDI,Seul,1955,,87967 Cary Creek,28504-7718,Lucy-sur-Yonne,
97,Haven,Trantow,4,1354,2059,Sans emploi,Couple avec enfant,1994,,584 Ryan Hill,63243-7349,Rang,
98,D'angelo,Kuphal,20,885,2615,"Contrat précaire (étudiant, saisonnier, interim, mi-temps, etc...)",Couple avec enfant,1978,,72866 Catharine Bridge,83194,Sainte-Tréphine,
99,Erica,Daugherty,99,973,2393,Retraité,Seul,1988,,59853 Elinore Fork,78068,Louvres,
100,Martin,Beier,60,837,2340,CDD de plus de 8 mois,Couple sans enfant,1931,,11985 Volkman Ridges,43010,Labruyère,
101,Isobel,Pollich,80,575,2884,Sans emploi,Couple sans enfant,1979,,145 Robel Corner,56351,Dunkerque,
102,Jaydon,Waters,38,994,2563,CDD de plus de 8 mois,Couple avec enfant,1966,,752 Bogisich Island,68995-2387,Ancemont,
103,Emely,Schaefer,38,1424,2978,"Indépendant (professions libérales, auto-entrepreneur, etc...)",Couple sans enfant,2005,,6460 Marquardt Alley,12803,Buire-sur-l'Ancre,
104,Alana,Weissnat,95,860,2903,CDD de plus de 8 mois,Famille monoparentale,1950,,13653 Maggio Freeway,67602-9446,Oberhoffen-lès-Wissembourg,
105,Angelica,Bode,100,774,2778,CDI,Seul,1939,,2898 Toy Circles,40490,Saint-Georges-du-Bois,
106,Reilly,Reichert,64,1059,1671,CDI,Famille monoparentale,1992,,94399 Penelope Route,53734,Val-d'Auzon,
107,Cleora,Rowe,12,1270,1777,"Indépendant (professions libérales, auto-entrepreneur, etc...)",Famille monoparentale,1968,,29634 Ima Viaduct,16862-7618,Saint-André-de-Bohon,
108,Annalise,Zemlak,27,1490,1964,Retraité,Famille monoparentale,1994,,8245 Moen Throughway,89050-6140,Brécé,
109,Lula,Haag,58,1389,2974,Sans emploi,Seul,1955,,2914 Rashad Harbors,46652,Flêtre,
110,Myah,Baumbach,43,942,1889,"Indépendant (professions libérales, auto-entrepreneur, etc...)",Seul,1937,,13039 Jaskolski Brook,71743,Habas,
111,Ernesto,Christiansen,94,1160,2024,CDI,Famille monoparentale,2014,,87450 Brielle Key,37785-2752,Achères,
112,Hugh,Torphy,1,1497,1749,"Indépendant (professions libérales, auto-entrepreneur, etc...)",Couple avec enfant,1950,,814 Jamarcus Fords,38504-5162,Sana,
113,Albert,Paucek,16,1396,2564,"Indépendant (professions libérales, auto-entrepreneur, etc...)",Couple avec enfant,1985,,755 MacGyver Ferry,46410,Noël-Cerneux,
114,Uriah,Marvin,81,700,2768,Sans emploi,Famille monoparentale,1974,,55907 Dina Lane,83127,Rians,
115,Deshawn,Jast,52,1301,2691,Retraité,Couple avec enfant,1982,,519 D'Amore Fords,45013-0545,Saint-Laurent-de-Vaux,
116,Ruby,Grady,93,522,2738,Sans emploi,Famille monoparentale,2011,,931 Brakus Highway,17568-1616,Lorris,
117,Leora,Lockman,17,1310,2092,"Contrat précaire (étudiant, saisonnier, interim, mi-temps, etc...)",Seul,1943,,6573 Tracey Skyway,69628,Rédange,
118,Emile,Klocko,93,765,2432,CDI,Couple avec enfant,1981,,840 Moen Corner,41911,Lassy,
119,Hassie,Reynolds,98,1114,2665,CDI,Couple sans enfant,1972,,852 Kub Pike,81046-0948,Acquigny,
120,Antonina,Conroy,2,1391,1619,"Indépendant (professions libérales, auto-entrepreneur, etc...)",Famille monoparentale,2014,,760 Ardella Inlet,62455-6091,Laveyrune,
121,Arielle,Skiles,38,979,2807,"Contrat précaire (étudiant, saisonnier, interim, mi-temps, etc...)",Famille monoparentale,1978,,8193 O'Keefe Estates,30501-0973,Kaltenhouse,
122,Jermaine,Nicolas,39,1248,2853,Sans emploi,Couple sans enfant,2008,,276 Lindgren Field,79540-6356,Vrély,
123,Raheem,Hane,7,1231,1826,CDD de plus de 8 mois,Couple sans enfant,1966,,67335 Koch Courts,51717-0244,Vigoulant,
124,Tito,Bayer,96,898,2239,CDI,Couple sans enfant,1970,,430 Rogelio Ferry,52668-3465,Duault,
125,Allison,Littel,50,1398,2878,Sans emploi,Famille monoparentale,1955,,903 Scottie Canyon,58202-3608,Sarrians,
126,Kimberly,Ullrich,91,605,2035,CDD de plus de 8 mois,Seul,2001,,4522 Jazmyn Mount,64474-5793,Le Gros-Theil,
127,Marilie,Bogan,98,651,2294,Retraité,Couple sans enfant,1969,,4708 Willms Wells,45376,Saint-Félix-de-Rieutord,
128,Janiya,Langworth,51,1470,2489,CDD de plus de 8 mois,Seul,1988,,4868 Trenton Parks,92371-0732,Recologne,
129,Blanche,Dibbert,27,784,1928,"Contrat précaire (étudiant, saisonnier, interim, mi-temps, etc...)",Famille monoparentale,1939,,6063 Marvin Fords,32520,Saint-Paul-en-Chablais,
130,Armani,Strosin,17,801,1629,Sans emploi,Couple sans enfant,1984,,17144 Nathan Underpass,73621-6005,Joué-du-Plain,
131,Edward,Weimann,84,771,1792,CDI,Couple sans enfant,1977,,4485 Ellis Estates,53656-0139,Saint-Parthem,
132,Deion,Hodkiewicz,1,1204,1517,CDD de plus de 8 mois,Couple avec enfant,1945,,5313 Lempi Trafficway,73533,Dorlisheim,
133,Ken,Hackett,100,693,2151,Retraité,Seul,1985,,8009 Colby Trafficway,89156,Grusse,
134,Samson,Mraz,88,746,2844,Sans emploi,Seul,2002,,49953 Ethyl Hollow,83493-7573,Monthelon,
135,Gisselle,Crist,12,1441,1967,CDI,Couple sans enfant,1971,,9160 Baumbach Estates,55450,Montfermy,
136,Jessyca,Fisher,11,719,1531,"Indépendant (professions libérales, auto-entrepreneur, etc...)",Couple sans enfant,2004,,46946 Llewellyn Radial,29315,Montsapey,
137,Lily,Jakubowski,99,1011,2711,CDI,Couple sans enfant,1974,,67829 Domenico Plain,80291-0535,Cussy-les-Forges,
138,Erling,Watsica,99,1267,2550,CDI,Seul,1958,,84319 Nolan Rapid,41331-7154,Crupies,
139,Derick,Bednar,99,876,1975,CDI,Famille monoparentale,1950,,8197 Conn Street,43171-5475,Bargemon,
140,Braeden,Hauck,46,1424,1975,CDI,Famille monoparentale,1950,,8197 Conn Street,43171-5475,Bargemon,
141,Merritt,Hand,31,999,2434,"Contrat précaire (étudiant, saisonnier, interim, mi-temps, etc...)",Famille monoparentale,1942,,314 Wiley Parkway,22262-6880,Odos,
142,Kennith,Beer,14,765,1638,"Indépendant (professions libérales, auto-entrepreneur, etc...)",Couple sans enfant,2008,,50980 Trevion Parkway,69629-0697,Brimont,
143,Glenna,Rempel,51,1475,2741,Retraité,Couple avec enfant,2000,,72095 Colin Parks,96793,Sinceny,
144,Kassandra,Hoeger,69,983,2589,"Indépendant (professions libérales, auto-entrepreneur, etc...)",Seul,1968,,7534 Pablo Ford,11874-6347,Chigny,
145,Holden,Koepp,90,572,2674,CDD de plus de 8 mois,Couple sans enfant,1973,,5808 Jarrett Inlet,98262,Mailly-la-Ville,
146,Emmalee,Toy,6,1348,1672,"Contrat précaire (étudiant, saisonnier, interim, mi-temps, etc...)",Seul,1957,,7038 Jakubowski Stream,33524-6275,Rosenwiller,
147,Edna,Ruecker,97,956,2740,Retraité,Couple sans enfant,1991,,842 Harber Club,67256,Montégut,
148,Bette,Gutmann,74,941,2710,Sans emploi,Seul,1972,,2200 Casimer Avenue,87857,Mosnac,
149,Darrell,Ankunding,3,1470,2049,CDI,Couple avec enfant,1946,,4971 Stroman Orchard,88798,Agnières-en-Dévoluy,
150,Myra,Howell,99,503,1574,Retraité,Famille monoparentale,2011,,5744 Wisozk Glens,34907,Bourg-l'Évêque,
151,Ceasar,Nolan,26,1307,2284,CDI,Couple avec enfant,2007,,900 Waters Gardens,44918-7346,Marignane,
152,Trace,Lind,100,1218,2926,CDI,Seul,1997,,518 Keven Common,85029,Cornillé-les-Caves,
153,Anais,Leannon,38,820,1643,Sans emploi,Seul,2002,,49953 Ethyl Hollow,83493-7573,Monthelon,
154,Steve,Streich,4,1044,1552,CDD de plus de 8 mois,Couple sans enfant,1971,,8025 Flavie Route,90348-3384,Chevreaux,
155,Ernie,Monahan,99,514,2521,CDD de plus de 8 mois,Famille monoparentale,1944,,9852 Marina Plaza,62955,Bellegarde,
156,Zaria,Davis,72,811,1925,CDD de plus de 8 mois,Seul,1967,,33992 Carroll View,67088-2862,Marlenheim,
157,Gerda,Vandervort,31,1474,2256,Sans emploi,Seul,1966,,69216 Torp Circles,11945,Epping,
158,Elisabeth,Goldner,54,1231,1849,CDI,Famille monoparentale,1978,,93614 Alexzander Ramp,54769,Saint-Amans,
159,Hyman,Harber,39,1020,2752,Sans emploi,Couple avec enfant,2013,,341 Jammie Oval,20120-0037,Arçon,
160,Lynn,Pfannerstill,72,786,2356,"Indépendant (professions libérales, auto-entrepreneur, etc...)",Seul,1944,,71651 Jast Union,17854-8292,Carbonne,
161,Marilou,Botsford,1,1414,1798,CDD de plus de 8 mois,Couple sans enfant,1994,,31425 Ryan Glens,58602-4558,Verrières,
162,Mathias,Rolfson,37,1169,2656,"Indépendant (professions libérales, auto-entrepreneur, etc...)",Couple sans enfant,2004,,4403 Antonette Crossing,12635,Clermont-les-Fermes,
163,Malcolm,West,93,1389,2284,CDI,Famille monoparentale,1999,,4109 Grady Pines,50278-2728,Castets-en-Dorthe,
164,Saul,Emard,75,903,2322,Retraité,Couple avec enfant,1930,,50373 Khalid Prairie,41566-0055,Grâce-Uzel,
165,Maximillia,Fay,8,1325,2199,Sans emploi,Couple avec enfant,1951,,36049 Hamill Views,67291,Sacey,
166,Osbaldo,Simonis,60,1214,1725,CDI,Seul,2001,,34896 Josue Wall,71597-5229,Auxonne,
167,Asa,Collier,99,833,2805,CDI,Couple avec enfant,2010,,470 Newell Ranch,37359,Vandelans,
168,Domenick,King,40,1457,2971,CDD de plus de 8 mois,Couple avec enfant,1949,,391 Brooklyn Harbor,70523,Mayrègne,
169,Justine,Reichel,28,1377,2596,"Indépendant (professions libérales, auto-entrepreneur, etc...)",Couple sans enfant,1991,,95492 Keebler Bridge,93175,Fresnes,
170,Juwan,Bauch,100,800,2927,Retraité,Famille monoparentale,1943,,21305 Maggio Ports,46832-0878,Lebeuville,
171,Ayana,Padberg,93,643,2842,Sans emploi,Seul,2002,,49953 Ethyl Hollow,83493-7573,Monthelon,
172,Gabrielle,Walsh,26,1117,2965,"Contrat précaire (étudiant, saisonnier, interim, mi-temps, etc...)",Couple sans enfant,1993,,560 Kutch Square,88473-7717,Saâcy-sur-Marne,
173,Bo,McClure,79,827,1510,CDI,Famille monoparentale,1992,,35608 Rae Route,91829-8159,Rennes-en-Grenouilles,
174,Delphine,Hyatt,79,963,2953,Sans emploi,Seul,1959,,7845 Rosenbaum Falls,65174-9093,Barisis,
175,Alfonzo,Balistreri,89,1060,2949,CDD de plus de 8 mois,Famille monoparentale,2003,,89297 Raegan Streets,97269,La Ville-aux-Bois-lès-Dizy,
176,Mae,Keeling,6,1213,1527,"Contrat précaire (étudiant, saisonnier, interim, mi-temps, etc...)",Seul,1972,,88568 Ziemann Trail,45303-0999,Dareizé,
177,Arianna,Glover,98,569,1642,Retraité,Famille monoparentale,2000,,775 Schmidt Bridge,72493,Estrée-Blanche,
178,Enid,Okuneva,20,1417,2528,CDD de plus de 8 mois,Couple avec enfant,2012,,84311 Hodkiewicz Stravenue,78825-8237,Prémilhat,
179,Rosa,Senger,40,700,2360,"Contrat précaire (étudiant, saisonnier, interim, mi-temps, etc...)",Famille monoparentale,1944,,298 O'Keefe Stravenue,52483-9894,Saint-Saturnin,
180,Javier,Murazik,1,1117,1645,"Contrat précaire (étudiant, saisonnier, interim, mi-temps, etc...)",Couple avec enfant,1999,,881 Cole Heights,51752,Afa,
181,Jayme,Greenfelder,82,877,2366,CDI,Couple avec enfant,1964,,33054 Reilly Inlet,31081-5938,Cheux,
182,Danielle,Jacobson,47,508,1914,Sans emploi,Couple sans enfant,1949,,907 Dibbert Ferry,26246,Menetou-sur-Nahon,
183,Blanca,White,30,1117,2727,"Indépendant (professions libérales, auto-entrepreneur, etc...)",Couple avec enfant,1972,,6588 Rutherford Unions,32988,Romagnat,
184,Jailyn,O'Hara,100,763,2621,CDI,Seul,1966,,92322 Schinner Plains,40461,Pruines,
185,Helmer,Gutkowski,31,818,1511,"Indépendant (professions libérales, auto-entrepreneur, etc...)",Seul,1950,,6324 Morar Walk,83493-7573,Monthelon,
186,Gonzalo,Schiller,30,735,1875,"Contrat précaire (étudiant, saisonnier, interim, mi-temps, etc...)",Seul,1943,,69466 Kathryn Route,74133,Choux,
187,Ona,Farrell,51,985,2328,"Indépendant (professions libérales, auto-entrepreneur, etc...)",Famille monoparentale,1969,,9379 Keira Fork,17241-3767,Beauménil,
188,June,Stroman,36,1210,2514,"Indépendant (professions libérales, auto-entrepreneur, etc...)",Couple sans enfant,1986,,4939 Huel Field,52803-2784,Escos,
189,Jody,Cremin,1,1474,1704,CDI,Couple avec enfant,2001,,42788 Frankie Dale,51178-2958,Fouquerolles,
190,Wilmer,Armstrong,92,1436,2502,Retraité,Seul,2004,,5603 Ratke Neck,98632,Fleuré,
191,Ollie,Green,2,1153,1629,"Contrat précaire (étudiant, saisonnier, interim, mi-temps, etc...)",Couple sans enfant,1971,,365 Berneice Union,59901,Bazailles,
192,Mafalda,Legros,58,524,2761,Sans emploi,Couple avec enfant,1967,,6461 Anderson Terrace,48478-1943,Flers,
193,Kristina,Konopelski,96,549,2460,Retraité,Couple avec enfant,2006,,14266 Arvel Road,51441-2024,Uchaud,
194,Abigail,Terry,2,1094,1869,"Contrat précaire (étudiant, saisonnier, interim, mi-temps, etc...)",Couple avec enfant,1953,,72591 Fritsch Shoal,31033,Verneuil,
195,Alexzander,McDermott,74,755,2287,Retraité,Couple avec enfant,1958,,13675 Kathryne Street,31088-6028,Saint-Gély-du-Fesc,
196,Jerald,Sawayn,14,1468,2862,"Contrat précaire (étudiant, saisonnier, interim, mi-temps, etc...)",Couple avec enfant,2000,,5789 Isai Roads,89185,La Chaise-Dieu,
197,Otha,Hirthe,31,1183,2324,CDD de plus de 8 mois,Couple sans enfant,2000,,95173 Lennie Plaza,46484,Saint-Hymer,
198,Cecelia,Mayert,99,1185,2903,CDI,Couple sans enfant,2003,,249 Larkin Park,72651,Soucy,
199,Camron,Braun,73,1151,2627,CDI,Couple avec enfant,1978,,35828 Alysson Square,24268,Sotteville-lès-Rouen,
200,Llewellyn,Emmerich,11,853,1908,"Indépendant (professions libérales, auto-entrepreneur, etc...)",Couple avec enfant,1966,,2684 Wisoky Cove,14307,Mainzac,
201,Jayde,Gaylord,74,953,2733,Sans emploi,Seul,1993,,59814 Mayert Lake,19847,Avanchers-Valmorel,
202,Jason,Deckow,81,1281,2795,CDI,Couple avec enfant,1979,,4870 Karson Corners,25672-8006,Aigre,
203,Lysanne,Upton,4,1079,1575,Sans emploi,Couple sans enfant,1973,,139 Aurelia Forks,34964,Saint-Exupéry-les-Roches,
204,Gracie,Labadie,1,1391,1812,"Contrat précaire (étudiant, saisonnier, interim, mi-temps, etc...)",Couple sans enfant,1996,,41499 O'Keefe Mill,95327,Mont-Dol,
205,Camila,Zboncak,100,655,2773,CDI,Couple sans enfant,1968,,40585 Dickinson Crossroad,36804,Carcans,
206,Monserrate,Osinski,100,511,1936,CDI,Seul,1997,,6324 Morar Walk,83493-7573,Monthelon,
207,Marlen,Wilderman,13,867,1525,"Contrat précaire (étudiant, saisonnier, interim, mi-temps, etc...)",Famille monoparentale,2007,,834 Kulas Ports,67308-4622,Saint-Beauzile,
208,Ryann,Wiegand,18,1401,2467,CDD de plus de 8 mois,Couple avec enfant,2003,,2482 Cleve Cliffs,92951,Bugard,
